Campaign,Keyword,Match Type
"Tapeline - Search Test (Jun 2026)","police scanner","Phrase"
"Tapeline - Search Test (Jun 2026)","radio scanner","Phrase"
"Tapeline - Search Test (Jun 2026)","police radio","Phrase"
"Tapeline - Search Test (Jun 2026)","barcode scanner","Phrase"
"Tapeline - Search Test (Jun 2026)","document scanner","Phrase"
"Tapeline - Search Test (Jun 2026)","qr code scanner","Phrase"
"Tapeline - Search Test (Jun 2026)","virus scanner","Phrase"
"Tapeline - Search Test (Jun 2026)","network scanner","Phrase"
"Tapeline - Search Test (Jun 2026)","ip scanner","Phrase"
"Tapeline - Search Test (Jun 2026)","body scanner","Phrase"
"Tapeline - Search Test (Jun 2026)","jobs","Phrase"
"Tapeline - Search Test (Jun 2026)","salary","Phrase"
"Tapeline - Search Test (Jun 2026)","careers","Phrase"
"Tapeline - Search Test (Jun 2026)","internship","Phrase"
"Tapeline - Search Test (Jun 2026)","crack","Phrase"
"Tapeline - Search Test (Jun 2026)","cracked","Phrase"
"Tapeline - Search Test (Jun 2026)","nulled","Phrase"
"Tapeline - Search Test (Jun 2026)","torrent","Phrase"
"Tapeline - Search Test (Jun 2026)","free download","Phrase"
"Tapeline - Search Test (Jun 2026)","tutorial","Phrase"
"Tapeline - Search Test (Jun 2026)","course","Phrase"
"Tapeline - Search Test (Jun 2026)","how to build","Phrase"
"Tapeline - Search Test (Jun 2026)","python","Phrase"
"Tapeline - Search Test (Jun 2026)","github","Phrase"
"Tapeline - Search Test (Jun 2026)","excel template","Phrase"
"Tapeline - Search Test (Jun 2026)","forex","Phrase"
"Tapeline - Search Test (Jun 2026)","crypto","Phrase"
"Tapeline - Search Test (Jun 2026)","bitcoin","Phrase"
